{"cameraMode":{"drawMode":0,"name":"Shaded","section":"Shading Mode"},"sceneLighting":false,"audioPlay":false,"sceneViewState":{"showFog":true,"showMaterialUpdate":true,"showSkybox":false,"showFlares":true,"showImageEffects":true,"showParticleSystems":true},"in2DMode":false,"pivot":{"x":7.03000020980835,"y":0.7400000095367432,"z":-12.09000015258789},"rotation":{"x":-0.12449902296066284,"y":0.5521805882453919,"z":-0.0736163780093193,"w":-0.8210829496383667},"size":5.557884693145752,"orthographic":false}