{"cameraMode":{"drawMode":0,"name":"Shaded","section":"Shading Mode"},"sceneLighting":true,"audioPlay":false,"sceneViewState":{"showFog":true,"showMaterialUpdate":true,"showSkybox":true,"showFlares":true,"showImageEffects":true,"showParticleSystems":true},"in2DMode":false,"pivot":{"x":-2.2424540519714357,"y":-2.0484042167663576,"z":-9.903759002685547},"rotation":{"x":0.31212520599365237,"y":-0.04713720455765724,"z":0.006762139033526182,"w":0.9488468170166016},"size":48.586544036865237,"orthographic":false}