{"cameraMode":{"drawMode":0,"name":"Shaded","section":"Shading Mode"},"sceneLighting":false,"audioPlay":false,"sceneViewState":{"showFog":true,"showMaterialUpdate":true,"showSkybox":false,"showFlares":true,"showImageEffects":true,"showParticleSystems":true},"in2DMode":false,"pivot":{"x":7.03000020980835,"y":0.7400000095367432,"z":-5.820000171661377},"rotation":{"x":0.005014547146856785,"y":-0.7843278050422669,"z":0.007042525336146355,"w":-0.6202864050865173},"size":22.0,"orthographic":false}